<?xml version="1.0" encoding="utf-8" standalone="yes"?>
<SexyContent FileVersion="07.00.00" MinimumRequiredVersion="07.04.02" ModuleVersion="16.07.00" ExportDate="2024-01-25T14:31:46.8604885+00:00">
  <Header>
    <App Guid="8d81785e-cf96-44ed-9de5-66cd6c282c3a" />
    <Language Default="pt-pt" />
    <Dimensions />
  </Header>
  <AttributeSets>
    <AttributeSet StaticName="App-Resources" Name="App-Resources" Scope="System.App" AlwaysShareConfiguration="false">
      <Attributes />
    </AttributeSet>
    <AttributeSet StaticName="App-Settings" Name="App-Settings" Scope="System.App" AlwaysShareConfiguration="false">
      <Attributes />
    </AttributeSet>
    <AttributeSet StaticName="549feed9-7a49-46f1-9567-3285eaf36270" Name="CSSProperties" Scope="Default" AlwaysShareConfiguration="false">
      <Attributes>
        <Attribute StaticName="CSSConcat" Type="String" IsTitle="true">
          <Entity TargetType="2" AssignmentObjectType="EAV Field Properties" AttributeSetStaticName="@All" AttributeSetName="@All" EntityGUID="403e0e56-5e6d-4d7b-a87f-21c50b402377" Json="True" KeyNumber="3476">
            <Value Key="CustomJavaScript" Value="" Type="String" />
            <Value Key="DefaultValue" Value="" Type="String" />
            <Value Key="Disabled" Value="True" Type="Boolean" />
            <Value Key="DisableTranslation" Value="False" Type="Boolean" />
            <Value Key="Formulas" Value="428a721f-032f-481b-bbf3-dc44c6fdbda4" Type="Entity" />
            <Value Key="HelpLink" Value="" Type="Hyperlink" />
            <Value Key="Information" Value="" Type="String" />
            <Value Key="InputType" Value="string-default" Type="String" />
            <Value Key="Name" Value="CSSConcat" Type="String" />
            <Value Key="Notes" Value="" Type="String" />
            <Value Key="Placeholder" Value="" Type="String" />
            <Value Key="Required" Value="False" Type="Boolean" />
            <Value Key="Tooltip" Value="" Type="String" />
            <Value Key="ValidationRegExJavaScript" Value="" Type="String" />
            <Value Key="VisibleInEditUI" Value="True" Type="Boolean" />
          </Entity>
          <Entity TargetType="2" AssignmentObjectType="EAV Field Properties" AttributeSetStaticName="@String" AttributeSetName="@String" EntityGUID="d3627cb4-430b-4809-8da7-a19fcc2fb764" Json="True" KeyNumber="3476">
            <Value Key="DropdownValues" Value="" Type="String" />
            <Value Key="InputType" Value="" Type="String" />
          </Entity>
          <Entity TargetType="2" AssignmentObjectType="EAV Field Properties" AttributeSetStaticName="@string-default" AttributeSetName="@string-default" EntityGUID="f5d90566-f21d-49b6-873f-231b73d6562d" Json="True" KeyNumber="3476">
            <Value Key="InputFontFamily" Value="" Type="String" />
          </Entity>
        </Attribute>
        <Attribute StaticName="CSSProperty" Type="String" IsTitle="false">
          <Entity TargetType="2" AssignmentObjectType="EAV Field Properties" AttributeSetStaticName="@All" AttributeSetName="@All" EntityGUID="7bc920ad-ddb4-4eec-b06b-e65d6bd8386d" Json="True" KeyNumber="3477">
            <Value Key="InputType" Value="string-default" Type="String" />
            <Value Key="Name" Value="CSSProperty" Type="String" />
            <Value Key="VisibleInEditUI" Value="True" Type="Boolean" />
          </Entity>
        </Attribute>
        <Attribute StaticName="CSSValue" Type="String" IsTitle="false">
          <Entity TargetType="2" AssignmentObjectType="EAV Field Properties" AttributeSetStaticName="@All" AttributeSetName="@All" EntityGUID="b3f52d36-73e0-4abf-8bb9-e07e004238d3" Json="True" KeyNumber="3478">
            <Value Key="InputType" Value="string-default" Type="String" />
            <Value Key="Name" Value="CSSValue" Type="String" />
            <Value Key="VisibleInEditUI" Value="True" Type="Boolean" />
          </Entity>
        </Attribute>
      </Attributes>
    </AttributeSet>
    <AttributeSet StaticName="dc872393-c143-4510-bde9-b68983de20a8" Name="StylesDemoData" Scope="Default" AlwaysShareConfiguration="false">
      <Attributes>
        <Attribute StaticName="Trigger" Type="String" IsTitle="true">
          <Entity TargetType="2" AssignmentObjectType="EAV Field Properties" AttributeSetStaticName="@All" AttributeSetName="@All" EntityGUID="26255cc6-e647-4641-b976-2061b117a7fd" Json="True" KeyNumber="3472">
            <Value Key="CustomJavaScript" Value="" Type="String" />
            <Value Key="DefaultValue" Value="" Type="String" />
            <Value Key="Disabled" Value="False" Type="Boolean" />
            <Value Key="DisableTranslation" Value="False" Type="Boolean" />
            <Value Key="HelpLink" Value="" Type="Hyperlink" />
            <Value Key="Information" Value="" Type="String" />
            <Value Key="InputType" Value="string-dropdown" Type="String" />
            <Value Key="Name" Value="Trigger" Type="String" />
            <Value Key="Notes" Value="" Type="String" />
            <Value Key="Placeholder" Value="" Type="String" />
            <Value Key="Required" Value="False" Type="Boolean" />
            <Value Key="Tooltip" Value="" Type="String" />
            <Value Key="ValidationRegExJavaScript" Value="" Type="String" />
            <Value Key="VisibleInEditUI" Value="True" Type="Boolean" />
          </Entity>
          <Entity TargetType="2" AssignmentObjectType="EAV Field Properties" AttributeSetStaticName="@String" AttributeSetName="@String" EntityGUID="9405f3fb-155a-47d1-9c28-867aaa3c316b" Json="True" KeyNumber="3472">
            <Value Key="DropdownValues" Value="" Type="String" />
            <Value Key="InputType" Value="" Type="String" />
          </Entity>
          <Entity TargetType="2" AssignmentObjectType="EAV Field Properties" AttributeSetStaticName="@string-dropdown" AttributeSetName="@string-dropdown" EntityGUID="4f0b5958-d2fb-4cae-a878-daee7df4b34c" Json="True" KeyNumber="3472">
            <Value Key="AllowMultiValue" Value="False" Type="Boolean" />
            <Value Key="DropdownValues" Value="Permanent&#xA;Weekday&#xA;Username&#xA;SkinPath" Type="String" />
            <Value Key="DropdownValuesFormat" Value="value-label" Type="String" />
            <Value Key="EnableTextEntry" Value="False" Type="Boolean" />
            <Value Key="Separator" Value="," Type="String" />
          </Entity>
        </Attribute>
        <Attribute StaticName="TriggerValue" Type="String" IsTitle="false">
          <Entity TargetType="2" AssignmentObjectType="EAV Field Properties" AttributeSetStaticName="@All" AttributeSetName="@All" EntityGUID="42f6c14b-8b82-4c86-b31d-cd9f9fce2b24" Json="True" KeyNumber="3474">
            <Value Key="CustomJavaScript" Value="" Type="String" />
            <Value Key="DefaultValue" Value="" Type="String" />
            <Value Key="Disabled" Value="False" Type="Boolean" />
            <Value Key="DisableTranslation" Value="False" Type="Boolean" />
            <Value Key="HelpLink" Value="" Type="Hyperlink" />
            <Value Key="Information" Value="" Type="String" />
            <Value Key="InputType" Value="string-default" Type="String" />
            <Value Key="Name" Value="TriggerValue" Type="String" />
            <Value Key="Notes" Value="" Type="String" />
            <Value Key="Placeholder" Value="" Type="String" />
            <Value Key="Required" Value="False" Type="Boolean" />
            <Value Key="Tooltip" Value="" Type="String" />
            <Value Key="ValidationRegExJavaScript" Value="" Type="String" />
            <Value Key="VisibleInEditUI" Value="True" Type="Boolean" />
          </Entity>
          <Entity TargetType="2" AssignmentObjectType="EAV Field Properties" AttributeSetStaticName="@String" AttributeSetName="@String" EntityGUID="8c001cb4-371d-4540-9a1e-5da820eb7e43" Json="True" KeyNumber="3474">
            <Value Key="DropdownValues" Value="" Type="String" />
            <Value Key="InputType" Value="" Type="String" />
          </Entity>
          <Entity TargetType="2" AssignmentObjectType="EAV Field Properties" AttributeSetStaticName="@string-default" AttributeSetName="@string-default" EntityGUID="d4f183ee-38a6-4b75-96f0-ddd6ed1d504e" Json="True" KeyNumber="3474">
            <Value Key="InputFontFamily" Value="" Type="String" />
          </Entity>
        </Attribute>
        <Attribute StaticName="Target" Type="String" IsTitle="false">
          <Entity TargetType="2" AssignmentObjectType="EAV Field Properties" AttributeSetStaticName="@All" AttributeSetName="@All" EntityGUID="2209b2a1-236a-4c29-a183-b651d4603c0b" Json="True" KeyNumber="3473">
            <Value Key="InputType" Value="string-default" Type="String" />
            <Value Key="Name" Value="Target" Type="String" />
            <Value Key="VisibleInEditUI" Value="True" Type="Boolean" />
          </Entity>
        </Attribute>
        <Attribute StaticName="Properties" Type="Entity" IsTitle="false">
          <Entity TargetType="2" AssignmentObjectType="EAV Field Properties" AttributeSetStaticName="@All" AttributeSetName="@All" EntityGUID="f1a5d488-3876-40a8-8932-8df1014f788f" Json="True" KeyNumber="3475">
            <Value Key="CustomJavaScript" Value="" Type="String" />
            <Value Key="DefaultValue" Value="" Type="String" />
            <Value Key="Disabled" Value="False" Type="Boolean" />
            <Value Key="DisableTranslation" Value="False" Type="Boolean" />
            <Value Key="HelpLink" Value="" Type="Hyperlink" />
            <Value Key="Information" Value="" Type="String" />
            <Value Key="InputType" Value="entity-default" Type="String" />
            <Value Key="Name" Value="Properties" Type="String" />
            <Value Key="Notes" Value="" Type="String" />
            <Value Key="Placeholder" Value="" Type="String" />
            <Value Key="Required" Value="False" Type="Boolean" />
            <Value Key="Tooltip" Value="" Type="String" />
            <Value Key="ValidationRegExJavaScript" Value="" Type="String" />
            <Value Key="VisibleInEditUI" Value="True" Type="Boolean" />
          </Entity>
          <Entity TargetType="2" AssignmentObjectType="EAV Field Properties" AttributeSetStaticName="@Entity" AttributeSetName="@Entity" EntityGUID="78ceb463-348d-4835-9c5b-027a6dc9c64b" Json="True" KeyNumber="3475">
            <Value Key="AllowMultiValue" Value="True" Type="Boolean" />
            <Value Key="EnableAddExisting" Value="True" Type="Boolean" />
            <Value Key="EnableCreate" Value="True" Type="Boolean" />
            <Value Key="EnableDelete" Value="False" Type="Boolean" />
            <Value Key="EnableEdit" Value="True" Type="Boolean" />
            <Value Key="EnableRemove" Value="True" Type="Boolean" />
            <Value Key="EntityType" Value="CSSProperties" Type="String" />
            <Value Key="Label" Value="" Type="String" />
            <Value Key="MoreFields" Value="" Type="String" />
            <Value Key="Prefill" Value="" Type="String" />
          </Entity>
        </Attribute>
      </Attributes>
    </AttributeSet>
  </AttributeSets>
  <Entities>
    <Entity TargetType="3" AssignmentObjectType="App" AttributeSetStaticName="2SexyContent-App" AttributeSetName="2SexyContent-App" EntityGUID="e54dcefe-87e2-46ec-8357-95f3f202b0ee" Json="True" KeyNumber="1032">
      <Value Key="DisplayName" Value="DataToStyle" Type="String" />
      <Value Key="Folder" Value="DataToStyle" Type="String" />
      <Value Key="OriginalId" Value="" Type="String" />
      <Value Key="Version" Value="00.00.16" Type="String" />
    </Entity>
    <Entity TargetType="3" AssignmentObjectType="App" AttributeSetStaticName="App-Settings" AttributeSetName="App-Settings" EntityGUID="c56644d7-dd63-43d6-94f2-8976498d304b" KeyNumber="1032" />
    <Entity TargetType="3" AssignmentObjectType="App" AttributeSetStaticName="App-Resources" AttributeSetName="App-Resources" EntityGUID="eab9c3c1-58d9-477a-ac4c-089901fe9904" KeyNumber="1032" />
    <Entity TargetType="1" AssignmentObjectType="Default" AttributeSetStaticName="2SexyContent-Template" AttributeSetName="2SexyContent-Template" EntityGUID="f269f635-f7be-4a5a-a32b-446419b6eef0" Json="True">
      <Value Key="ContentTypeStaticName" Value="" Type="String" />
      <Value Key="Icon" Value="" Type="Hyperlink" />
      <Value Key="Identifier" Value="" Type="String" />
      <Value Key="IsHidden" Value="False" Type="Boolean" />
      <Value Key="ListContentTypeStaticName" Value="" Type="String" />
      <Value Key="ListPresentationTypeStaticName" Value="" Type="String" />
      <Value Key="Location" Value="Site" Type="String" />
      <Value Key="Name" Value="DemoView" Type="String" />
      <Value Key="Path" Value="DemoView.cshtml" Type="String" />
      <Value Key="PresentationTypeStaticName" Value="" Type="String" />
      <Value Key="PublishData" Value="False" Type="Boolean" />
      <Value Key="SearchIndexingDisabled" Value="False" Type="Boolean" />
      <Value Key="SearchIndexingStreams" Value="" Type="String" />
      <Value Key="StreamsToPublish" Value="" Type="String" />
      <Value Key="Type" Value="C# Razor" Type="String" />
      <Value Key="UseForList" Value="False" Type="Boolean" />
      <Value Key="ViewController" Value="" Type="String" />
      <Value Key="ViewNameInUrl" Value="" Type="String" />
    </Entity>
    <Entity TargetType="1" AssignmentObjectType="Default" AttributeSetStaticName="772dfff1-b236-4aa9-8359-5f53c08ff7bf" AttributeSetName="UiFormula" EntityGUID="428a721f-032f-481b-bbf3-dc44c6fdbda4" Json="True">
      <Value Key="Enabled" Value="True" Type="Boolean" />
      <Value Key="Formula" Value="// new formula syntax - see https://go.2sxc.org/formulas&#xA;v2((data) =&gt; {&#xA;  return data.CSSProperty + &quot;:&quot; + data.CSSValue;&#xA;});" Type="String" />
      <Value Key="Target" Value="Field.Value" Type="String" />
      <Value Key="Title" Value="Field.Value" Type="String" />
    </Entity>
    <Entity TargetType="1" AssignmentObjectType="Default" AttributeSetStaticName="549feed9-7a49-46f1-9567-3285eaf36270" AttributeSetName="CSSProperties" EntityGUID="00674ad1-74b9-47f2-ac20-4686094388fc">
      <Value Key="CSSConcat" Value="background-color:coral" Type="String" />
      <Value Key="CSSProperty" Value="background-color" Type="String" />
      <Value Key="CSSValue" Value="coral" Type="String" />
    </Entity>
    <Entity TargetType="1" AssignmentObjectType="Default" AttributeSetStaticName="dc872393-c143-4510-bde9-b68983de20a8" AttributeSetName="StylesDemoData" EntityGUID="dc7b9c55-a00c-44fd-b92e-169c9bfdbec6">
      <Value Key="Properties" Value="00674ad1-74b9-47f2-ac20-4686094388fc" Type="Entity" />
      <Value Key="Target" Value="body" Type="String" />
      <Value Key="Trigger" Value="Permanent" Type="String" />
      <Value Key="TriggerValue" Value="" Type="String" />
    </Entity>
    <Entity TargetType="1" AssignmentObjectType="Default" AttributeSetStaticName="549feed9-7a49-46f1-9567-3285eaf36270" AttributeSetName="CSSProperties" EntityGUID="28d29d06-d85f-47c9-a51f-bf0c28c81279">
      <Value Key="CSSConcat" Value="border:1px solid green" Type="String" />
      <Value Key="CSSProperty" Value="border" Type="String" />
      <Value Key="CSSValue" Value="1px solid green" Type="String" />
    </Entity>
    <Entity TargetType="1" AssignmentObjectType="Default" AttributeSetStaticName="dc872393-c143-4510-bde9-b68983de20a8" AttributeSetName="StylesDemoData" EntityGUID="eb77cdca-8469-4d15-85f5-7b08e07d8149">
      <Value Key="Properties" Value="28d29d06-d85f-47c9-a51f-bf0c28c81279" Type="Entity" />
      <Value Key="Target" Value="#demoStyles table, #demoStyles td, #demoStyles th" Type="String" />
      <Value Key="Trigger" Value="Permanent" Type="String" />
      <Value Key="TriggerValue" Value="" Type="String" />
    </Entity>
    <Entity TargetType="1" AssignmentObjectType="Default" AttributeSetStaticName="549feed9-7a49-46f1-9567-3285eaf36270" AttributeSetName="CSSProperties" EntityGUID="5e329880-05bd-49ea-9a77-4042c99a255c">
      <Value Key="CSSConcat" Value="color:red" Type="String" />
      <Value Key="CSSProperty" Value="color" Type="String" />
      <Value Key="CSSValue" Value="red" Type="String" />
    </Entity>
    <Entity TargetType="1" AssignmentObjectType="Default" AttributeSetStaticName="dc872393-c143-4510-bde9-b68983de20a8" AttributeSetName="StylesDemoData" EntityGUID="c1bb048b-779e-4a01-aa58-7c52fc9ca423">
      <Value Key="Properties" Value="5e329880-05bd-49ea-9a77-4042c99a255c" Type="Entity" />
      <Value Key="Target" Value=".thColor" Type="String" />
      <Value Key="Trigger" Value="Username" Type="String" />
      <Value Key="TriggerValue" Value="eXistenZe" Type="String" />
    </Entity>
    <Entity TargetType="1" AssignmentObjectType="Default" AttributeSetStaticName="dc872393-c143-4510-bde9-b68983de20a8" AttributeSetName="StylesDemoData" EntityGUID="0199e61d-37eb-4718-96f3-5adf0c260ec2">
      <Value Key="Properties" Value="a9ce1960-db54-4b2f-ae83-2958efd4146e" Type="Entity" />
      <Value Key="Target" Value="#demoStyles table, #demoStyles td, #demoStyles th" Type="String" />
      <Value Key="Trigger" Value="Weekday" Type="String" />
      <Value Key="TriggerValue" Value="4" Type="String" />
    </Entity>
    <Entity TargetType="1" AssignmentObjectType="Default" AttributeSetStaticName="549feed9-7a49-46f1-9567-3285eaf36270" AttributeSetName="CSSProperties" EntityGUID="a9ce1960-db54-4b2f-ae83-2958efd4146e">
      <Value Key="CSSConcat" Value="border:1px solid yellow !important" Type="String" />
      <Value Key="CSSProperty" Value="border" Type="String" />
      <Value Key="CSSValue" Value="1px solid yellow !important" Type="String" />
    </Entity>
    <Entity TargetType="1" AssignmentObjectType="Default" AttributeSetStaticName="549feed9-7a49-46f1-9567-3285eaf36270" AttributeSetName="CSSProperties" EntityGUID="34c139d6-70c7-4215-ac96-5f170203966a">
      <Value Key="CSSConcat" Value="font:italic small-caps bold 16px/2 cursive" Type="String" />
      <Value Key="CSSProperty" Value="font" Type="String" />
      <Value Key="CSSValue" Value="italic small-caps bold 16px/2 cursive" Type="String" />
    </Entity>
    <Entity TargetType="1" AssignmentObjectType="Default" AttributeSetStaticName="dc872393-c143-4510-bde9-b68983de20a8" AttributeSetName="StylesDemoData" EntityGUID="b45dde71-4694-401b-88a2-dc8f3093cc50">
      <Value Key="Properties" Value="34c139d6-70c7-4215-ac96-5f170203966a" Type="Entity" />
      <Value Key="Target" Value="h4" Type="String" />
      <Value Key="Trigger" Value="SkinPath" Type="String" />
      <Value Key="TriggerValue" Value="/Portals/_default/skins/2shine bs5/" Type="String" />
    </Entity>
  </Entities>
  <PortalFiles />
  <PortalFolders>
    <Folder Id="2328" RelativePath="adam/DataToStyle/" />
  </PortalFolders>
</SexyContent>